character,universe
Fantastic Force#Original team,marvel
Wolverine (character)|Wolverine (Ultimate Marvel character)|Logan (film series character),marvel
Apollo (Marvel Comics),marvel
Killraven,marvel
Cyber (Marvel Comics),marvel
Zarathos,marvel
Kiwi Black,marvel
Ani-Men#Original Ani-Men,marvel
Fasaud,marvel
Motormouth (comics),marvel
Agent X (Marvel Comics),marvel
Leech (comics),marvel
Jeryn Hogarth,marvel
Recorder 451,marvel
Spyne,marvel
Ronan the Accuser,marvel
Marco Delgado (comics),marvel
Jigsaw (Marvel Comics),marvel
Darkhawk,marvel
Pluto (Marvel Comics),marvel
Deathlok,marvel
Dragon Man (comics),marvel
Blue Diamond (comics),marvel
Blue Streak (comics),marvel
Psycho-Man,marvel
Mother Night (comics),marvel
Holden Radcliffe,marvel
Dragon Lord (comics),marvel
Bethany Cabe,marvel
Gideon Mace,marvel
Lady Lotus,marvel
Shalla-Bal,marvel
Alicia Masters,marvel
Killer Shrike,marvel
Dallas Riordan,marvel
Delphyne Gorgon,marvel
Comet Man,marvel
Carol Danvers,marvel
Beetle (comics),marvel
ISAAC (comics),marvel
GoGo Tomago,marvel
Ultron,marvel
Sin (Marvel Comics),marvel
Midnight Sun (Marvel Comics),marvel
Shard (comics),marvel
Vengeance (comics),marvel
Shortpack,marvel
Blue Marvel,marvel
Isaiah Bradley,marvel
Captain (comics),marvel
Maelstrom (comics),marvel
Timebroker,marvel
Predator X (Marvel Comics),marvel
Obnoxio the Clown,marvel
Iron Cross (Marvel Comics),marvel
Doorman (comics),marvel
Black Tarantula,marvel
Man Mountain Marko,marvel
Ulik,marvel
Lightmaster,marvel
Apocalypse (comics),marvel
Oya (comics),marvel
Red Ghost (character),marvel
Voice (comics),marvel
Hiroim,marvel
Victor Mancha,marvel
Ymir (Marvel Comics),marvel
Shanna the She-Devil,marvel
Val Rhymin,marvel
Supreme Intelligence,marvel
Free Spirit (comics),marvel
Man-Thing,marvel
Venus (Marvel Comics),marvel
Troll (Marvel Comics),marvel
Man-Bull,marvel
Terror Inc.,marvel
Yukio (comics),marvel
Ruby Thursday,marvel
Cassandra Nova,marvel
Berzerker (comics),marvel
Crossbones (comics),marvel
Tamara Rahn,marvel
F.R.I.D.A.Y.,marvel
Stryfe,marvel
Al MacKenzie,marvel
Yondu,marvel
Calypso (comics),marvel
Black Mamba (comics),marvel
Ma Gnucci,marvel
Vision (Timely Comics),marvel
Doctor Demonicus,marvel
Torpedo (Marvel Comics),marvel
Masked Raider,marvel
Lockjaw (comics),marvel
Blackwing (character),marvel
Sin-Eater (comics),marvel
Madame Web,marvel
Outlaw (comics),marvel
Maker (Reed Richards),marvel
Petra Laskov,marvel
Belasco (Marvel Comics),marvel
Primus (Marvel Comics),marvel
Hrimhari,marvel
Superia,marvel
Harry Osborn#Kindred,marvel
Red Skull,marvel
Spider-Punk,marvel
Gravity (comics),marvel
Rhino (comics),marvel
Aqueduct (comics),marvel
Pretty Boy (comics),marvel
Glory Grant,marvel
John Garrett (comics),marvel
Werner von Strucker,marvel
Moira MacTaggart,marvel
Geiger (comics),marvel
Harrier (comics),marvel
Erik Josten,marvel
Erg (comics),marvel
Ereshkigal (Marvel Comics),marvel
Princess Python,marvel
Zarrko,marvel
Paladin (comics),marvel
Graymalkin,marvel
Rev (comics),marvel
Missing Link (comics),marvel
Phat (comics),marvel
Steven Lang (comics),marvel
Jubilee (comics),marvel
Drax the Destroyer,marvel
Gorilla Girl,marvel
Father Time (Marvel Comics),marvel
Abraham Cornelius,marvel
Talos the Untamed,marvel
Yon-Rogg,marvel
Wyatt Wingfoot,marvel
Anna Watson (comics),marvel
Phantom Reporter,marvel
Morning Star (comics),marvel
Bug (comics),marvel
Eel (comics),marvel
Possessor (comics),marvel
Man-Elephant,marvel
Karla Sofen,marvel
Chamber (comics),marvel
Lynn Michaels,marvel
Guardian (Marvel Comics),marvel
Hepzibah (comics),marvel
Gladiatrix (comics),marvel
Peepers (Marvel Comics),marvel
Exodus (comics),marvel
Gambit (Marvel Comics),marvel
Ch'od,marvel
Ox (comics),marvel
Thunderbird (John Proudstar),marvel
Glorian,marvel
Daredevil (Marvel Comics character),marvel
Thing (comics),marvel
Howard Stark,marvel
Citizen V,marvel
Blue Eagle (comics),marvel
Carnage (character),marvel
Jonas Harrow,marvel
Baron Mordo,marvel
Shatterstar,marvel
Sally Floyd (comics),marvel
Blake Tower,marvel
Ward Meachum,marvel
Awesome Android,marvel
Stick (comics),marvel
Tabitha Smith,marvel
Perun (comics),marvel
Loki (Marvel Comics)|Loki (Marvel Cinematic Universe),marvel
Blood Brothers (comics),marvel
Titannus,marvel
Tag (comics),marvel
Fandral,marvel
Desak,marvel
Red Shift (comics),marvel
Rusty Collins,marvel
Psyklop,marvel
Bastion (comics),marvel
Hulkling,marvel
David North (comics),marvel
Revanche (Marvel Comics),marvel
Atalanta (Pantheon),marvel
Modred the Mystic,marvel
Hannibal King,marvel
Baron Zemo,marvel
Sons of the Tiger,marvel
Darkdevil,marvel
Helmut Zemo,marvel
Ms. Marvel,marvel
Saturnyne,marvel
Ink (comics),marvel
"N'Kantu, the Living Mummy",marvel
Damage Control (comics)#Employees,marvel
Fatale (Marvel Comics),marvel
Magma (Jonathan Darque),marvel
Hitman (Marvel Comics),marvel
Kid Kaiju,marvel
Morgan Stark,marvel
Edwin Jarvis,marvel
Kavita Rao,marvel
Leo (comics),marvel
Forbush Man,marvel
Honey Lemon,marvel
Frog-Man,marvel
Underworld (comics),marvel
Doctor Doom,marvel
Satana (Marvel Comics),marvel
Kristoff Vernard,marvel
Venom (Marvel Comics character),marvel
list of Eternals,marvel
Equinox (comics),marvel
Andromeda (Marvel Comics),marvel
Cockroach Hamilton,marvel
Zombie (comics),marvel
Manikin (comics),marvel
Molly Hayes,marvel
Lilith (Marvel Comics),marvel
Marrina Smallwood,marvel
Amelia Voght,marvel
Dust (comics),marvel
Montana (comics),marvel
Skornn,marvel
Human Torch (android),marvel
Anna Maria Marconi,marvel
Krakoa,marvel
Grasshopper (comics),marvel
J. Jonah Jameson,marvel
Warlock (New Mutants),marvel
Spiral (comics),marvel
Human Fly (comics),marvel
Mary Jane Watson|Mary Jane Watson (Sam Raimi film series),marvel
Aleta Ogord,marvel
Morgan le Fay (Marvel Comics),marvel
Morlun,marvel
Bullseye (comics),marvel
Overkill (comics),marvel
Athena (Marvel Comics),marvel
Vanessa Fisk,marvel
Scorpio (Marvel Comics),marvel
Mephisto (comics),marvel
Sentry (comics),marvel
N'astirh,marvel
Walrus (comics),marvel
Detroit Steel,marvel
Zzzax,marvel
Sidewinder (comics),marvel
Gorr the Golden Gorilla,marvel
Spoor (comics),marvel
Capricorn (comics),marvel
Betty Brant,marvel
Brother Voodoo,marvel
Skrullian Skymaster,marvel
Kamala Khan,marvel
John Ryker,marvel
Black Jack Tarr,marvel
Captain Atlas,marvel
Ancient One,marvel
Chemistro,marvel
Mister Sinister,marvel
Galactus,marvel
Silver Sable,marvel
Surtur (Marvel Comics),marvel
Mark Hazzard: Merc,marvel
Brian Banner,marvel
Yellowjacket (Marvel Comics),marvel
Ricochet (comics),marvel
Feral (comics),marvel
Marvelman,marvel
Llyra,marvel
Mister Jip,marvel
Mountjoy (comics),marvel
Clea,marvel
Pisces (comics),marvel
Jennifer Kale,marvel
Scarlet Witch|Wanda Maximoff (Marvel Cinematic Universe),marvel
Slapstick (comics),marvel
Straw Man (comics),marvel
Sandman (Marvel Comics),marvel
Daimon Hellstrom,marvel
Daredevil (Marvel Comics character)|Kingpin (Matt Murdock),marvel
Flatman (comics),marvel
Catseye (comics),marvel
Maximus Lobo,marvel
Sigyn (Marvel Comics),marvel
Ravage 2099,marvel
Blindspot (comics),marvel
Match (Marvel Comics),marvel
Teen Abomination,marvel
H.E.R.B.I.E.,marvel
Satannish,marvel
Cameron Hodge,marvel
Pulse (Augustus),marvel
Skullfire,marvel
Mickey Fondozzi,marvel
Henry Peter Gyrich,marvel
Luna Maximoff,marvel
Northstar (Marvel Comics),marvel
Vance Astro,marvel
Zhou Cheng,marvel
Captain Universe,marvel
Lockheed (comics),marvel
Katie Power,marvel
Enclave (comics)#Crucible,marvel
Yo-Yo Rodriguez,marvel
Flux (comics),marvel
Mandrill (comics),marvel
Hala the Accuser,marvel
Letha (comics),marvel
Pod (comics),marvel
Leper Queen,marvel
Mahkizmo,marvel
Firelord (comics),marvel
Machinesmith,marvel
Longshot (Marvel Comics),marvel
Ogre (Marvel Comics),marvel
Ringmaster (comics),marvel
Millie the Model,marvel
Robbie Robertson (comics),marvel
Valerie Cooper,marvel
Solo (Marvel Comics),marvel
Delilah (comics),marvel
Union Jack (comics),marvel
Bonebreaker,marvel
Big Wheel (comics),marvel
Pinky Pinkerton,marvel
Karima Shapandar,marvel
Nightshade (Marvel Comics),marvel
Pete Wisdom,marvel
Shuma-Gorath,marvel
Meggan (character),marvel
Annex (comics),marvel
Starr the Slayer,marvel
Grog (Marvel Comics),marvel
Bushwacker (comics),marvel
Tyrone Cash,marvel
Ned Leeds,marvel
Moondragon,marvel
Komodo (comics),marvel
Futurist (comics),marvel
Nicodemus West,marvel
Stilt-Man,marvel
Pride (comics)#The Dean family,marvel
Trevor Fitzroy,marvel
Locus (comics),marvel
Ironclad (comics),marvel
Rom (comics),marvel
Dakimh the Enchanter,marvel
Mantis (Marvel Comics),marvel
Layla Miller,marvel
Peter Corbeau,marvel
U-Man,marvel
Deacon Frost,marvel
Morpheus (Marvel Comics),marvel
Brain Drain (comics),marvel
U-Foes#Vapor,marvel
Lorelei Travis,marvel
Occulus,marvel
Phantom Eagle,marvel
Master Mold,marvel
Eitri (comics),marvel
Synapse (comics),marvel
Morrat,marvel
Blink (comics),marvel
Nuke (Marvel Comics),marvel
Phaser (comics),marvel
Baron Blood,marvel
Voyager (comics),marvel
Strong Guy,marvel
Humus Sapien,marvel
Snowbird (comics),marvel
Ezekiel (comics),marvel
Gentle (comics),marvel
Red Barbarian,marvel
Deadpool,marvel
Riptide (comics),marvel
Robert Maverick,marvel
Lei Kung (comics),marvel
Charlie-27,marvel
Risque (comics),marvel
Nicholas Scratch,marvel
Murmur (Marvel Comics),marvel
Mr. Fish,marvel
Armor (comics),marvel
Spider-Woman,marvel
Scalphunter (Marvel Comics),marvel
Spencer Smythe,marvel
Devil Dinosaur,marvel
Thin Man (comics),marvel
Enchanters Three,marvel
Death Squad (comics),marvel
Captain Midlands,marvel
Pixie (X-Men),marvel
Asbestos Man,marvel
Bruce Banner,marvel
Mendel Stromm,marvel
Shape (comics),marvel
Mordred (comics),marvel
Tempo (comics),marvel
Squirrel Girl,marvel
Knull (comics),marvel
Forearm (comics),marvel
Mockingbird (Marvel Comics),marvel
Kid Cassidy,marvel
Pride (comics)#The Minoru family,marvel
Jean DeWolff,marvel
Maestro (comics),marvel
Darkoth,marvel
Volstagg,marvel
Solomon Kane (comics),marvel
Sage (comics),marvel
Speed (comics),marvel
Breeze Barton,marvel
Spitfire (comics),marvel
Peggy Carter,marvel
Wolfsbane (comics),marvel
Aldrich Killian,marvel
Gene Nation,marvel
Magician (comics),marvel
Demogoblin,marvel
Kraglin,marvel
Bloodscream,marvel
Sunfire (comics),marvel
Uni-Mind,marvel
Captain America|Captain America (Ultimate Marvel character)|Steve Rogers (Marvel Cinematic Universe),marvel
Korvus (comics),marvel
Valkyrie (Marvel Comics),marvel
Hulk 2099,marvel
U-Foes#Vector,marvel
Living Tribunal,marvel
John the Skrull,marvel
Emma Steed,marvel
Crossfire (comics),marvel
Battlestar (comics),marvel
Moon Knight,marvel
Mesmero,marvel
Overdrive (comics),marvel
Junzo Muto,marvel
Doctor Faustus (comics),marvel
Gertrude Yorkes,marvel
Raiders (comics),marvel
Ant-Man,marvel
Aleksander Lukin,marvel
Corsair (comics),marvel
Dweller-in-Darkness,marvel
Nebula (comics),marvel
Enclave (comics),marvel
Cobra (Marvel Comics),marvel
Starhawk (comics),marvel
Centurius,marvel
Spyke,marvel
Doctor Druid,marvel
Cheshire Cat (comics),marvel
Grim Hunter,marvel
Pestilence (comics),marvel
Cerise (comics),marvel
Gabriel Stacy and Sarah Stacy,marvel
Aries (comics),marvel
Stardust (Marvel Comics),marvel
Lamprey (comics),marvel
Hiro-Kala,marvel
Zabu,marvel
Starfox (comics),marvel
Damage Control (comics),marvel
Bloodaxe (comics),marvel
Burner (comics),marvel
Anya Corazon,marvel
D'Spayre,marvel
Maya Hansen,marvel
Azazel (Marvel Comics),marvel
Kiden Nixon,marvel
Star Brand,marvel
Black Rider (comics),marvel
Timeslip (comics),marvel
Chris Bradley,marvel
Tyrant (Marvel Comics),marvel
Druig,marvel
Micromax,marvel
Scarlet Spider,marvel
Lobo Brothers,marvel
Sentinel (comics),marvel
Anole (comics),marvel
Scribe (comics),marvel
Rocket Raccoon,marvel
Super-Skrull,marvel
Fixer (comics),marvel
Martha Connors,marvel
Dionysus (Marvel Comics),marvel
Jessan Hoan,marvel
Mister M (comics),marvel
Metalhead (comics),marvel
Thog (comics),marvel
Jack of Hearts (Marvel Comics),marvel
Rebecca Banner,marvel
Kestrel (Marvel Comics),marvel
Femizons#Members,marvel
Pink Pearl (comics),marvel
Dazzler (Marvel Comics),marvel
Black Cat (Marvel Comics),marvel
Black Tom Cassidy,marvel
Thunderer (Marvel Comics),marvel
Cottonmouth (Cornell Cottonmouth),marvel
Darwin (comics),marvel
Frenchie (comics),marvel
Mister Hyde (comics),marvel
Ocean (Marvel Comics),marvel
Frankenstein's Monster (Marvel Comics),marvel
Hermes (Marvel Comics),marvel
Arno Stark,marvel
Doctor Strange,marvel
Lady Dorma,marvel
Lin Lie,marvel
Mongoose (comics),marvel
Skrull Kill Krew,marvel
Russian (comics),marvel
Scarecrow (Marvel Comics),marvel
Phil Coulson,marvel
Heimdall (comics),marvel
Demon Bear,marvel
June Covington,marvel
Sprite (Eternal),marvel
Thunderball (comics),marvel
Wraith (Brian DeWolff),marvel
Fancy Dan,marvel
Nomad (comics),marvel
Graviton (comics),marvel
Songbird (comics),marvel
Ben Urich,marvel
Alex Power,marvel
Richard Fisk,marvel
Machete (comics),marvel
Death Adder (comics),marvel
Armadillo (comics),marvel
Prometheus (Marvel Comics),marvel
Centurious,marvel
Happy Hogan (comics),marvel
Jack Power (Marvel Comics),marvel
Riri Williams,marvel
Erik Killmonger,marvel
Golem (comics),marvel
Korath the Pursuer,marvel
Thundersword,marvel
War (Marvel Comics),marvel
Big Bertha (comics),marvel
Magneto (Marvel Comics),marvel
Kala (comics),marvel
Black Panther (character)|T'Challa (Marvel Cinematic Universe),marvel
Rockslide (comics),marvel
Mind-Wave,marvel
Wong (comics),marvel
Bloodhawk,marvel
Shockwave (comics),marvel
Smuggler (comics),marvel
Crime Master,marvel
Namor the Sub-Mariner,marvel
Tombstone (comics),marvel
Red Raven (Marvel Comics),marvel
Iron Man 2020,marvel
Silencer (comics),marvel
Amadeus Cho,marvel
White Tiger (comics),marvel
Hate-Monger,marvel
MODOK,marvel
Donald & Deborah Ritter,marvel
Madman (Marvel Comics),marvel
Mauler (comics),marvel
Stepford Cuckoos,marvel
Destiny (Irene Adler),marvel
Trance (comics),marvel
Fin Fang Foom,marvel
3-D Man,marvel
Jamie Madrox,marvel
Crusher (comics),marvel
Box (comics),marvel
Microchip (comics),marvel
Rhapsody (comics),marvel
Hebe (Marvel Comics),marvel
Hellrazor,marvel
Reignfire,marvel
Bushmaster (Marvel Comics),marvel
J.A.R.V.I.S.,marvel
Xorn,marvel
Graydon Creed,marvel
Gregory Herd,marvel
Gideon (comics),marvel
Brothers Grimm (comics),marvel
Captain Ultra,marvel
Asp (comics),marvel
Karl Malus,marvel
Mangog,marvel
Wendigo (comics),marvel
Prowler (Marvel Comics),marvel
Pip the Troll,marvel
Grey Gargoyle,marvel
Thundra,marvel
Stingray (comics),marvel
Coal Tiger,marvel
Doop (comics),marvel
Whirlwind (comics),marvel
Thena,marvel
Lord Dark Wind,marvel
Cyclone (Marvel Comics),marvel
Anne Weying,marvel
Weapon H,marvel
Henry Pym,marvel
Skull the Slayer,marvel
Ursa Major (comics),marvel
Lifeguard (comics),marvel
Lady Bullseye,marvel
Sunpyre,marvel
Karkas (comics),marvel
Iron Fist (comics),marvel
Blonde Phantom,marvel
Colleen Wing,marvel
White Dragon (comics),marvel
Seamus Mellencamp,marvel
Groot,marvel
Salem's Seven,marvel
Shriek (comics),marvel
Puma (comics),marvel
Angela (comics),marvel
Invisible Woman,marvel
Hijacker (comics),marvel
Blade (character),marvel
Turner D. Century,marvel
Constrictor (comics),marvel
Doctor Spectrum,marvel
Korvac,marvel
Damon Dran,marvel
Jester (Marvel Comics),marvel
Karen Page,marvel
Flex (comics),marvel
Laufey (comics),marvel
Diablo (Marvel Comics),marvel
Toro (comics),marvel
Dominic Fortune,marvel
Spider-Man,marvel
Junta (comics),marvel
Gargantua (comics),marvel
Styx and Stone,marvel
Kro (comics),marvel
Willie Lumpkin,marvel
Prudence Leighton,marvel
Mister X (Marvel Comics),marvel
Hammerhead (comics),marvel
Tai (comics),marvel
Tadashi Hamada,marvel
Fer-de-Lance (comics),marvel
Scream (comics),marvel
Emma Frost,marvel
Paul Budiansky,marvel
Madame Hydra,marvel
Powerhouse (comics),marvel
Foreigner (comics),marvel
Sydren,marvel
Miss America (Madeline Joyce),marvel
Phone Ranger,marvel
Piledriver (comics),marvel
Domino (comics),marvel
Elixir (comics),marvel
Zheng Zu,marvel
Nimrod (comics),marvel
Everyman (Marvel Comics),marvel
Baron Von Blitzschlag,marvel
Midas (comics),marvel
Henry Russo,marvel
Metal Master (comics),marvel
Gargoyle (comics),marvel
Brute (Reed Richards),marvel
Washout (comics),marvel
Devos the Devastator,marvel
Lord Chaos (Marvel Comics),marvel
Smasher (Marvel Comics),marvel
Black Fox (Raul Chalmers),marvel
Mikhail Rasputin,marvel
Gamesmaster (comics),marvel
Daniel Whitehall,marvel
Topaz (Marvel Comics),marvel
Leader (comics),marvel
Hydro-Man,marvel
Killpower,marvel
Jessica Jones,marvel
It! The Living Colossus,marvel
Mysterio,marvel
Debra Whitman,marvel
Friction (comics),marvel
Corvus Glaive,marvel
Doctor Minerva,marvel
Doughboy (comics),marvel
Zheng Bao Yu,marvel
Shocker (comics),marvel
Comanche (comics),marvel
Don Fortunato,marvel
Korg (comics),marvel
Ka-Zar (David Rand)|Ka-Zar (Kevin Plunder),marvel
Patsy Walker,marvel
Fin (comics),marvel
Scorcher (comics),marvel
Kismet (Marvel Comics),marvel
Super-Adaptoid,marvel
Loa (comics),marvel
Zeke Stane,marvel
Leila Davis,marvel
Baron Brimstone,marvel
Meanstreak (comics),marvel
Jack O'Lantern (Marvel Comics),marvel
Ghaur,marvel
Jim Wilson (comics),marvel
Wizard (Marvel Comics),marvel
Kaluu,marvel
Haywire (comics),marvel
Cannonball (comics),marvel
Contemplator (Marvel Comics),marvel
Prester John (comics),marvel
Turbo (comics),marvel
Ares (Marvel Comics),marvel
Robbie Baldwin,marvel
Prodigy (Ritchie Gilmore),marvel
Hogun,marvel
Dmitri Bukharin,marvel
Wonder Man,marvel
Piranha (comics),marvel
Conan (Marvel Comics),marvel
Professor X,marvel
Shaper of Worlds,marvel
Beautiful Dreamer (Marvel Comics),marvel
Rage (comics),marvel
Karthon the Quester,marvel
Ego the Living Planet,marvel
Daken,marvel
Titanium Man,marvel
Mentallo,marvel
Thunderbolt (Marvel Comics),marvel
Cardinal (comics),marvel
Commander Kraken,marvel
Raza Longknife,marvel
Karma (comics),marvel
Radioactive Man (comics),marvel
Elias Bogan,marvel
Abraham Whistler,marvel
Owl (Marvel Comics),marvel
Orka (comics),marvel
Old Man Logan,marvel
Adrienne Frost,marvel
Night Thrasher (Dwayne Taylor),marvel
Korrek,marvel
Professor Power,marvel
Mandarin (comics),marvel
Unicorn (Marvel Comics),marvel
Stained Glass Scarlet,marvel
Moon-Boy,marvel
Doctor Octopus,marvel
Mettle (comics),marvel
Sunturion,marvel
Slash (Marvel Comics),marvel
Two-Gun Kid,marvel
Red Guardian,marvel
Sasquatch (comics),marvel
Havok (comics),marvel
Juston Seyfert,marvel
Stegron,marvel
Black Knight (comics),marvel
Bova (comics),marvel
Iron Monger,marvel
Blazing Skull,marvel
Faiza Hussain,marvel
Pride (comics)#The Yorkes family,marvel
Madcap (comics),marvel
Swarm (comics),marvel
Shathra,marvel
Jasper Sitwell,marvel
Noble Kale,marvel
Diamondhead (comics),marvel
Daisy Johnson,marvel
Tarantula (Marvel Comics),marvel
Lee Forrester,marvel
Steeplejack (Marvel Comics),marvel
Kingpin (comics),marvel
D'Ken,marvel
Mojo (comics),marvel
Skin (Marvel Comics),marvel
Shinobi Shaw,marvel
Gatecrasher (Marvel Comics),marvel
Mad Thinker,marvel
Old Lace (comics),marvel
Frigga (Marvel Comics),marvel
Lloyd Bloch,marvel
Charcoal (comics),marvel
Peni Parker,marvel
Powderkeg (character),marvel
Death (Marvel Comics),marvel
American Dream (comics),marvel
Cobalt Man,marvel
Goom,marvel
Razor Fist,marvel
Hardball (comics),marvel
Runner (comics),marvel
Sunset Bain,marvel
Random (comics),marvel
Shepard (comics),marvel
White Rabbit (comics),marvel
Hellcow,marvel
Omega Red,marvel
Kenny McFarlane,marvel
Burglar (comics),marvel
Death Metal (comics),marvel
Blacklight (MC2),marvel
Devil-Slayer (comics),marvel
Sat-Yr-9,marvel
Silk (comics),marvel
Headsman (comics),marvel
Red Nine,marvel
Slipstream (comics),marvel
Thunderclap (comics),marvel
Red Ronin,marvel
American Eagle (Marvel Comics),marvel
Poundcakes,marvel
Kimura (comics),marvel
Diamond Lil (Marvel Comics),marvel
Whiplash (comics),marvel
Dinah Soar,marvel
Flash Thompson,marvel
Ghost Rider 2099,marvel
Punisher 2099,marvel
Air-Walker,marvel
Dakota North (comics),marvel
Vertigo (Marvel Comics),marvel
Sabra (comics),marvel
Melinda May,marvel
Isbisa,marvel
Dark Beast,marvel
Garrison Kane,marvel
Tigra,marvel
Pepper Potts,marvel
Mercurio the 4-D Man,marvel
Electro (Marvel Comics),marvel
Cardiac (comics),marvel
Edwin Cord,marvel
Brent Jackson,marvel
Byrrah,marvel
Mariko Yashida,marvel
Bushman (comics),marvel
Matthew Risman,marvel
Gorgilla,marvel
Penance (X-Men),marvel
Firebrand (Marvel Comics),marvel
Stevie Hunter,marvel
High Evolutionary,marvel
Evangeline Whedon,marvel
Silver Fox (comics),marvel
Talisman (Alpha Flight),marvel
Falcon (comics)|Sam Wilson (Marvel Cinematic Universe),marvel
Bella Donna (comics),marvel
Krystalin,marvel
Obliterator (comics),marvel
Gwenpool,marvel
Jocasta (comics),marvel
Major Mapleleaf,marvel
Jazinda,marvel
Ben Reilly,marvel
Adam Warlock,marvel
Gigantus,marvel
Danielle Moonstar,marvel
Gateway (comics),marvel
Kid Colt,marvel
Carrion (comics),marvel
Outlaw Kid,marvel
Typeface (comics),marvel
Mutant Liberation Front,marvel
Harry Osborn|Harry Osborn (Sam Raimi film series),marvel
Trevor Slattery,marvel
Damian Tryp,marvel
Malice (comics),marvel
Archie Corrigan,marvel
Black Bolt,marvel
Red Sonja,marvel
Master Menace,marvel
Orphan (Marvel Comics),marvel
Humbug (comics),marvel
Puppet Master (Marvel Comics),marvel
Silver Surfer,marvel
Living Lightning,marvel
Gwen Stacy|Spider-Woman (Gwen Stacy)|Gwen Stacy (The Amazing Spider-Man film series),marvel
Silverclaw,marvel
Bling!,marvel
Arcade (Marvel Comics),marvel
Scourge of the Underworld,marvel
Cloak and Dagger (comics),marvel
Mahr Vehl,marvel
Blackheart,marvel
Genesis (Marvel Comics),marvel
Wild Child (comics),marvel
Orchid (comics),marvel
Jamie Braddock,marvel
Tana Nile,marvel
Alexander Bont,marvel
Plantman,marvel
Griffin (Marvel Comics),marvel
Khonshu (Marvel Comics),marvel
Johnny Dee,marvel
Deathbird,marvel
Stranger (comics),marvel
Mole Man,marvel
Storm (Marvel Comics),marvel
Orrgo,marvel
Star Thief,marvel
Magik (comics),marvel
Flying Tiger (Marvel Comics),marvel
Doctor Nemesis,marvel
Slab (comics),marvel
Rockman (comics),marvel
Scarlet Scarab,marvel
Erik Selvig,marvel
Kwannon (character),marvel
Scuzz (comics),marvel
Rictor,marvel
Thor (Marvel Comics),marvel
G. W. Bridge,marvel
Melter,marvel
Hyperion (comics),marvel
Black Crow (comics),marvel
Janus (Marvel Comics),marvel
Lorelei (Mutate),marvel
Shingen Yashida,marvel
Matsu'o Tsurayaba,marvel
Caliban (comics),marvel
Impossible Man,marvel
Bloodstrike (Marvel Comics),marvel
Swordsman (comics),marvel
Headlok,marvel
Transonic (comics),marvel
Nth Man,marvel
Umar (Marvel Comics),marvel
"Morbius, the Living Vampire",marvel
Smartship Friday,marvel
Gabe Jones,marvel
Betsy Braddock,marvel
Serafina (Marvel),marvel
Mimic (comics),marvel
Stacy X,marvel
Crimson Commando,marvel
Howard the Duck,marvel
Wong-Chu,marvel
Sleeper (Marvel Comics),marvel
Polestar (comics),marvel
Mad Dog (Marvel Comics),marvel
Thor Girl,marvel
Bird-Man,marvel
Uncle Ben,marvel
Jack Murdock (comics),marvel
Scaleface,marvel
Kevin Sydney,marvel
Maximus (comics),marvel
Skids (comics),marvel
Sebastian Shaw (comics),marvel
Phil Urich,marvel
Carlie Cooper,marvel
Tarzan in comics#Marvel Comics,marvel
Gladiator (Melvin Potter),marvel
Skein (comics),marvel
Ghost (Marvel Comics),marvel
Miriam Sharpe,marvel
Jim Morita,marvel
Gibborim (comics),marvel
Digitek (comics),marvel
Black Racer (Marvel Comics),marvel
Alistair Smythe,marvel
Ocelot (comics),marvel
Elloe Kaifi,marvel
Quicksilver (comics),marvel
Hurricane (comics),marvel
Colossus (comics),marvel
Crimson Dynamo,marvel
La Lunatica,marvel
Sersi,marvel
Jarella,marvel
Cerebra,marvel
Jann of the Jungle,marvel
Angel Salvadore,marvel
Triton (comics),marvel
Spider-Slayer,marvel
Punisher,marvel
Leo Fitz,marvel
Ozone (comics),marvel
Robert Kelly (comics),marvel
She-Hulk,marvel
Litterbug (comics),marvel
Captain Britain,marvel
Scientist Supreme#Victorius,marvel
J'son (character),marvel
Snake Marston (comics),marvel
Anti-Venom (symbiote),marvel
Sputnik (comics),marvel
Thermite (comics),marvel
Iron Lad,marvel
Freakshow (comics),marvel
Prism (comics),marvel
Black Box (comics),marvel
Nightmask,marvel
Doc Samson,marvel
Elsa Bloodstone,marvel
Alex Wilder,marvel
Merlyn (Marvel Comics),marvel
Ethan Edwards,marvel
Genis-Vell,marvel
Maggie Murdock,marvel
Living Brain,marvel
Midnight's Fire,marvel
Rocket Racer,marvel
Vermin (comics),marvel
Terrax,marvel
Amatsu-Mikaboshi (comics),marvel
Jean Grey,marvel
Ravage (Marvel Comics),marvel
Roughouse,marvel
Man-Killer,marvel
Forge (comics),marvel
George Stacy,marvel
Nova (Frankie Raye),marvel
Lionheart (comics),marvel
Iron Patriot,marvel
Shooting Star (comics),marvel
Charon (Marvel Comics),marvel
Tatiana Caban,marvel
Rampage (Marvel Comics),marvel
Nick Fury|Nick Fury (Ultimate Marvel character)|Nick Fury (Marvel Cinematic Universe),marvel
Valentina Allegra de Fontaine,marvel
Valeria Richards,marvel
Ikaris,marvel
Death Web (comics),marvel
Kid Omega,marvel
Nick Fury Jr.,marvel
Skaar (character),marvel
Spider-UK,marvel
Living Monolith,marvel
David Moreau,marvel
Tom Corsi,marvel
Pyro (Marvel Comics),marvel
Miss Arrow,marvel
Maria Stark,marvel
Freedom Ring,marvel
Sharon Friedlander,marvel
Silver Dagger (comics),marvel
Spirit of '76 (Marvel Comics),marvel
Western Kid,marvel
Klara Prast,marvel
Cipher (comics),marvel
Fabian Cortez,marvel
Mentor (A'lars),marvel
Persuasion (comics),marvel
Goliath (Marvel Comics),marvel
Hood (comics),marvel
Inferno (Dante Pertuz),marvel
Hindsight (comics),marvel
Holocaust (Marvel Comics),marvel
Minotaur (comics),marvel
Jackal (Marvel Comics),marvel
Tricephalous (comics),marvel
John Jameson (comics),marvel
Phantazia,marvel
Volla (comics),marvel
Power Man (Victor Alvarez),marvel
Randy Robertson,marvel
Harry Leland,marvel
Aragorn (comics),marvel
Bucky Barnes,marvel
Reptyl,marvel
Captain Fate,marvel
Red Hulk,marvel
Black Swan (comics),marvel
Ooze (comics),marvel
Agatha Harkness,marvel
Giganto,marvel
Lacuna (comics),marvel
Mister Immortal,marvel
Firebird (Marvel Comics),marvel
Attuma,marvel
Candra (comics),marvel
Jason Macendale,marvel
Professor Thornton,marvel
Fenris (comics),marvel
Abigail Brand,marvel
Vanisher,marvel
Idunn (comics),marvel
Julie Power,marvel
"Bob, Agent of HYDRA",marvel
DP 7#Main characters,marvel
Shrew (comics),marvel
Ravonna,marvel
Puff Adder (comics),marvel
Bedlam (comics),marvel
Spymaster (comics),marvel
Portal (comics),marvel
Eternity (comics),marvel
Spike (Marvel Comics),marvel
Flipside (comics),marvel
Milan (comics),marvel
Deathwatch (comics),marvel
Mad Dog Rassitano,marvel
Redneck (comics),marvel
Kingmaker (comics),marvel
Grizzly (comics),marvel
Kulan Gath,marvel
Proxima Midnight,marvel
Hugh Jones (comics),marvel
Master Khan,marvel
Glenn Talbot,marvel
Kang the Conqueror,marvel
Shroud (comics),marvel
Venomm,marvel
Arabian Knight (comics),marvel
Marlo Chandler,marvel
Alyssa Moy,marvel
Spider-Ham,marvel
Purple Man,marvel
Blackout (Marcus Daniels),marvel
Roger Dooley,marvel
Boomerang (comics),marvel
Sharon Carter,marvel
Toxin (comics),marvel
Supernova (Marvel Comics),marvel
Shaman (comics),marvel
Razorback (comics),marvel
Sleepwalker (comics),marvel
Ultimo (Marvel Comics),marvel
Beta Ray Bill,marvel
Mirage (Marvel Comics),marvel
Richard and Mary Parker,marvel
Subterranea (comics),marvel
Hope Summers (comics),marvel
Silvermane,marvel
Coachwhip (comics),marvel
Dreadnought (comics),marvel
N'Garai,marvel
Hela (comics),marvel
Volcana (Marvel Comics),marvel
Jeffrey Garrett,marvel
Foolkiller,marvel
Dino Manelli,marvel
Judas Traveller,marvel
Arnim Zola,marvel
Crimson Curse,marvel
Malekith the Accursed,marvel
Hauptmann Deutschland,marvel
Grim Reaper (comics),marvel
Cable (comics),marvel
Nighthawk (Marvel Comics),marvel
Mammomax,marvel
Sagittarius (comics),marvel
Madame Masque,marvel
Bereet,marvel
Enforcer (comics),marvel
Manphibian,marvel
Nightmare (Marvel Comics),marvel
Force (comics),marvel
Synch (comics),marvel
Collective Man,marvel
"Godzilla, King of the Monsters (comic book)",marvel
Fantomex#Powers and abilities,marvel
Crystal (comics),marvel
Lady Octopus,marvel
Felicity Hardy,marvel
Krang (Marvel Comics),marvel
Wallflower (comics),marvel
Franklin Storm,marvel
Big Ben Donovan,marvel
Doom 2099,marvel
X-Statix,marvel
Orb (comics),marvel
Omega the Unknown,marvel
Odin (comics),marvel
Rogue (comics),marvel
Skullbuster,marvel
Roderick Kingsley,marvel
Beast (comics),marvel
Junior Juniper,marvel
Captain Wonder (Timely Comics),marvel
Justin Hammer,marvel
Witness (comics),marvel
Man-Ape,marvel
Farley Stillwell,marvel
Warwolf (Marvel Comics),marvel
Turk Barrett,marvel
Molecule Man,marvel
NFL SuperPro,marvel
Blob (comics),marvel
Matador (Marvel Comics),marvel
Immortus,marvel
Debrii,marvel
Supergiant (comics),marvel
Martinex,marvel
Mystique (comics),marvel
Brainchild (comics),marvel
J2 (comics),marvel
Arsenal (Marvel Comics),marvel
Texas Twister,marvel
Hummingbird (comics),marvel
Pride (comics)#The Wilder family,marvel
Shellshock (Marvel Comics),marvel
Werewolf by Night,marvel
Iron Man|Iron Man (Ultimate Marvel character)|Tony Stark (Marvel Cinematic Universe),marvel
Blue Shield (comics),marvel
Michael Van Patrick,marvel
Gorgon (Inhuman),marvel
Bishop (Marvel Comics),marvel
Marrow (comics),marvel
Caretaker (comics),marvel
Redstone (comics),marvel
Cloud 9 (comics),marvel
William Stryker,marvel
Karolina Dean,marvel
King Bedlam,marvel
Goddess (comics),marvel
Power Broker (character),marvel
Squid (Marvel Comics),marvel
Nico Minoru,marvel
Bi-Beast,marvel
Jimmy Woo,marvel
Rick Jones (comics),marvel
Digger (Marvel Comics),marvel
Madelyne Pryor,marvel
Freak (Marvel Comics),marvel
T-Ray (comics),marvel
Tinkerer (Marvel Comics),marvel
Siege (John Kelly),marvel
Sequoia (comics),marvel
Jack Flag,marvel
Grant Ward (Marvel Cinematic Universe)#Comics,marvel
Tiger Shark (Marvel Comics),marvel
Collector (comics),marvel
Coldblood,marvel
Makkari (comics),marvel
Sphinx (Marvel Comics),marvel
Blizzard (Marvel Comics),marvel
Wasp (comics),marvel
Stiletto (comics),marvel
Selene (comics),marvel
Mister Sensitive,marvel
Porcupine (comics),marvel
Rattler (comics),marvel
Modular Man,marvel
Kaine Parker,marvel
Irene Merryweather,marvel
Cyttorak,marvel
KIA (comics),marvel
Apache Kid (comics),marvel
X-Statix#X-Force,marvel
Liz Allan,marvel
Clive Reston,marvel
Ruby Summers,marvel
Nocturne (Talia Wagner),marvel
Iceman (Marvel Comics),marvel
Ismael Ortega,marvel
Richard Rory,marvel
Moon Girl (Marvel Comics),marvel
Vulcan (Marvel Comics),marvel
Egghead (Marvel Comics),marvel
Black Marvel,marvel
In-Betweener,marvel
Kangaroo (comics),marvel
Wonder Man#Guardians of the Galaxy,marvel
Phobos (Marvel Comics),marvel
Warpath (comics),marvel
Super-Patriot (Marvel Comics),marvel
Red Wolf (comics),marvel
Lyja,marvel
Flag-Smasher,marvel
Typhon (comics),marvel
Siena Blaze,marvel
Elsie-Dee,marvel
Wundarr the Aquarian,marvel
Tracer (Marvel Comics),marvel
Gorr the God Butcher,marvel
Brett Mahoney,marvel
Executioner (comics),marvel
Darkstar (Marvel Comics),marvel
Scorpion (Marvel Comics),marvel
Jackhammer (comics),marvel
Franklin Richards (Fantastic Four),marvel
Garokk,marvel
Strobe (comics),marvel
Chondu the Mystic,marvel
Taserface,marvel
Monica Rappaccini,marvel
Copperhead (Marvel Comics),marvel
Maggott,marvel
Pride (comics)#The Stein family,marvel
Southpaw (comics),marvel
Slyde,marvel
Bast (Marvel Comics),marvel
Henrietta Hunter,marvel
Ani-Mator,marvel
Captain Britain Corps#Known current members,marvel
Proteus (Marvel Comics),marvel
Normie Osborn,marvel
Flashback (comics),marvel
Spider-Girl (Mayday Parker),marvel
Frederick Foswell,marvel
Menace (Marvel Comics),marvel
Namora,marvel
Blindfold (comics),marvel
Agent (comics),marvel
Master Izo,marvel
Ringo Kid,marvel
Libra (Marvel Comics),marvel
Finesse (character),marvel
Abomination (character),marvel
Zeus (Marvel Comics),marvel
Happy Sam Sawyer,marvel
War Machine,marvel
Husk (comics),marvel
Human Cannonball (Marvel Comics),marvel
Fenris Wolf (Marvel Comics),marvel
Gibbon (comics),marvel
Toni Ho,marvel
Juggernaut (comics),marvel
Hulk|Bruce Banner (Marvel Cinematic Universe),marvel
Luke Cage,marvel
Thunderstrike (Eric Masterson),marvel
Rocketeers (comics),marvel
Namorita,marvel
Bengal (comics),marvel
Starshine (comics),marvel
Spider-Man (Miles Morales),marvel
Mastermind (Jason Wyngarde),marvel
Romulus (Marvel Comics),marvel
Malcolm Colcord,marvel
Wrecker (comics),marvel
Moonglow (comics),marvel
Grand Director,marvel
Trash (comics),marvel
Slaymaster,marvel
Naga (Marvel Comics),marvel
Scientist Supreme,marvel
Silhouette (comics),marvel
Pride (comics)#The Hayes family,marvel
Ringer (comics),marvel
Bird-Brain (Marvel Comics),marvel
Lady Deathstrike,marvel
Barracuda (comics),marvel
Abner Jenkins,marvel
Steel Wind,marvel
Nightcrawler (comics),marvel
Shamrock (comics),marvel
Kylun,marvel
Shadow King,marvel
Quasar (comics),marvel
Yellow Claw (comics),marvel
Champion of the Universe,marvel
Fury (Marvel Comics),marvel
Silver Samurai,marvel
Mercury (Marvel Comics),marvel
Black Talon (comics),marvel
Corruptor (comics),marvel
Annihilus,marvel
Hellfire Club (comics)#Hellfire Academy,marvel
Jimmy Hudson,marvel
Morph (comics),marvel
Mindless Ones,marvel
Bucky (Marvel Comics),marvel
Unus the Untouchable,marvel
Phantom Rider,marvel
Trapster,marvel
Arclight (comics),marvel
Kraven the Hunter,marvel
Randy O'Brien,marvel
Gardener (comics),marvel
Elders of the Universe,marvel
Dum-Dum Dugan,marvel
Dark Riders (comics),marvel
Mister Fantastic,marvel
Tildie Soames,marvel
Cullen Bloodstone,marvel
Beyonder,marvel
Clay Quartermain,marvel
Medusa (comics),marvel
Gamma Corps#First Gamma Corps,marvel
David Griffith (comics),marvel
Norman Osborn|Norman Osborn (Sam Raimi film series),marvel
Left-Winger (comics),marvel
Strongman (comics),marvel
Gamora,marvel
Crimson Cavalier,marvel
Dracula (Marvel Comics),marvel
Firepower (comics),marvel
Wither (comics),marvel
Whiteout (Marvel Comics),marvel
Angel (Thomas Halloway),marvel
Jackal (Marvel Comics character),marvel
Nathaniel Richards (Marvel Comics),marvel
Massacre (Marvel Comics),marvel
Titania (Marvel Comics),marvel
Wiccan (comics),marvel
Masked Marauder,marvel
Max Modell,marvel
Lois London,marvel
Orphan-Maker,marvel
Omega (Marvel Comics),marvel
Giant-Man,marvel
Steel Serpent,marvel
Mister Fear,marvel
Phyla-Vell,marvel
Peregrine (comics),marvel
Stonewall (comics),marvel
Roma (comics),marvel
Gemini (Marvel Comics),marvel
Machine Teen,marvel
Whizzer (comics),marvel
Hercules (Marvel Comics),marvel
Rawhide Kid,marvel
Shang-Chi|Shang-Chi (Marvel Cinematic Universe),marvel
Billy Connors (comics),marvel
Arkon,marvel
Onyxx,marvel
Gorilla-Man,marvel
Chase Stein,marvel
Romany Wisdom,marvel
Blastaar,marvel
DP 7,marvel
Indra (comics),marvel
Warrior Woman (Marvel Comics),marvel
Scimitar (Marvel Comics),marvel
Mayhem (comics),marvel
Batwing (Marvel Comics),marvel
Glob (comics),marvel
Tyrak,marvel
Ronin (Marvel Comics),marvel
Nitro (comics),marvel
Trick Shot (comics),marvel
Ex Nihilo (comics),marvel
Nuklo,marvel
Sauron (comics),marvel
Hiro Takachiho,marvel
Dreadknight,marvel
Cosmo the Spacedog,marvel
Captain Marvel (Marvel Comics),marvel
Midgard Serpent (comics),marvel
Threnody (comics),marvel
Eric O'Grady#Black Ant,marvel
Slug (comics),marvel
Jimmy-6,marvel
U.S. Agent (comics),marvel
Merlin (Marvel Comics),marvel
Challenger (comics),marvel
MJ (Marvel Cinematic Universe),marvel
Doctor Bong,marvel
Spot (comics),marvel
Devastator (comics),marvel
Klaw (Marvel Comics),marvel
Spidercide,marvel
Reptil,marvel
Echo (Marvel Comics),marvel
Thanos|Thanos (Marvel Cinematic Universe),marvel
Sprocket (comics),marvel
Ulysses Bloodstone,marvel
Professor Thorton,marvel
Bloodshed (comics),marvel
Steel Spider,marvel
Starlight (Marvel Comics),marvel
Justice (New Universe),marvel
Samuel Silke,marvel
Lady Mastermind,marvel
Hecate (Marvel Comics),marvel
Martin Soap,marvel
Hybrid (Jimmy Marks),marvel
Fantomex,marvel
Cecilia Reyes,marvel
Sun Girl (Marvel Comics),marvel
Amanda Sefton,marvel
Living Laser,marvel
Overmind (comics),marvel
Jemma Simmons,marvel
Slither (comics),marvel
Taurus (comics),marvel
Plunderer (comics),marvel
Power Princess,marvel
Dryad (comics),marvel
Miracle Man,marvel
Spike Freeman,marvel
Helix (Marvel Comics),marvel
Nightwatch (comics),marvel
Kitty Pryde,marvel
Controller (Marvel Comics),marvel
Machine Man,marvel
Rock Python,marvel
Absorbing Man,marvel
Jack Frost (Marvel Comics),marvel
Hobgoblin (comics),marvel
Jerry Jaxon,marvel
Death's Head,marvel
Hawkeye (Clint Barton)|Clint Barton (Marvel Cinematic Universe),marvel
Lunatik,marvel
Baymax,marvel
Inertia (Marvel Comics),marvel
Dorma (comics),marvel
Sabretooth (comics),marvel
Diamondback (Willis Stryker),marvel
Mister Negative,marvel
Forgotten One (comics),marvel
Bison (comics),marvel
Lucifer (Marvel Comics),marvel
Harold Meachum,marvel
Xavin,marvel
Beverly Switzler,marvel
Hypno-Hustler,marvel
Orbit (comics),marvel
Demolition Man (comics),marvel
El Aguila,marvel
Kaecilius,marvel
Batroc the Leaper,marvel
Ragnarok (comics),marvel
Spider-Man (Pavitr Prabhakar),marvel
Marvel Boy (Robert Grayson),marvel
Leir (Marvel Comics),marvel
Lizard (comics),marvel
Scrambler (comics),marvel
Claire Temple|Claire Temple (Marvel Cinematic Universe),marvel
Phastos,marvel
Tyr (Marvel Comics),marvel
Ebon Samurai,marvel
MODAM,marvel
Master Pandemonium,marvel
Nikki (comics),marvel
Will o' the Wisp (comics),marvel
Condor (comics),marvel
Super Sabre (comics),marvel
Patriot (comics),marvel
Bulldozer (comics),marvel
Hornet (comics),marvel
Andrew Chord,marvel
Rumiko Fujikawa,marvel
Ord (comics),marvel
Scramble (comics),marvel
Karnak (comics),marvel
Betty Ross,marvel
Cammi (comics),marvel
Gauntlet (comics),marvel
Dusk (comics),marvel
Crusader (Marvel Comics),marvel
Anaconda (comics),marvel
Marauders (comics),marvel
Firestar (Marvel Comics),marvel
Hugin and Munin (Marvel Comics),marvel
No-Name,marvel
Radius (comics),marvel
Eric Koenig,marvel
Dirk Anger,marvel
Darren Cross,marvel
Man-Beast,marvel
Proteus (Marvel Comics)#Piecemeal,marvel
Dexter Bennett,marvel
Hit-Monkey,marvel
U-Foes#X-Ray,marvel
Speed Demon (comics),marvel
Benjamin Richard Parker,marvel
Dormammu,marvel
Ebony Maw,marvel
Guardsman (comics),marvel
Enchantress (Marvel Comics),marvel
Black Widow (Marvel Comics),marvel
Sunspot (comics),marvel
Miek,marvel
Solomon O'Sullivan,marvel
Nate Grey,marvel
Callisto (comics),marvel
Aurora (comics),marvel
Hope Pym,marvel
Friedrich Von Roehm,marvel
Cyclops (Marvel Comics),marvel
Taskmaster (comics),marvel
Big Man (comics),marvel
Bolivar Trask,marvel
Uatu,marvel
Optoman,marvel
Maria Hill,marvel
Night Nurse (comics),marvel
Victoria Hand (comics),marvel
Spider-Man 2099,marvel
Monsteroso,marvel
Jane Foster (comics),marvel
Green Goblin|Green Goblin (Ultimate Marvel character),marvel
Masque (comics),marvel
Siryn,marvel
Puck (Marvel Comics),marvel
Viper (Marvel Comics),marvel
Proctor (comics),marvel
Cypher (comics),marvel
Obituary (comics),marvel
Vin Gonzales,marvel
Jetstream (comics),marvel
Ghost Rider,marvel
Avalanche (comics),marvel
Wind Dancer,marvel
Misty Knight,marvel
Chameleon (comics),marvel
Daniel Drumm,marvel
Crusaders (Marvel Comics),marvel
Empath (comics),marvel
Molten Man,marvel
Blockbuster (Marauder),marvel
Donald Pierce,marvel
Snapdragon (comics),marvel
Buzz (Marvel Comics),marvel
Star-Lord,marvel
El Diablo (comics),dc
Batman,dc
XS (comics),dc
Woozy Winks,dc
TNT (character),dc
Professor Pyg,dc
Inferior Five#Superior Five,dc
Zor-El,dc
Circe (character),dc
Anthro (comics),dc
Doctor Psycho,dc
Nite-Wing,dc
Doctor Mid-Nite,dc
Nekron,dc
Bibbo Bibbowski,dc
Angel and the Ape,dc
Ultraa,dc
Atom (character),dc
Masters of Disaster (comics),dc
Creeper (comics)#Fictional character biography,dc
I...Vampire,dc
Captain Nazi,dc
Themyscira (DC Comics)#Notable Amazons,dc
Booster Gold,dc
Doomsday (DC Comics),dc
Hal Jordan#Other versions,dc
Turtle (comics),dc
Universo,dc
Minister Blizzard,dc
Roy Harper (character),dc
Dark Angel (DC Comics),dc
Killer Croc,dc
Ravan (comics),dc
Black Hand (character),dc
Doctor Destiny,dc
Prankster (comics),dc
"Amethyst, Princess of Gemworld",dc
Valentina Vostok,dc
Metallo#Jor-El's Robot,dc
Black Canary,dc
Neutron (DC Comics),dc
Magpie (character),dc
Nocturna (DC Comics),dc
Creature Commandos#Membership,dc
Batwing (DC Comics),dc
Nura Nal,dc
Harry Stein (character),dc
Lucifer (DC Comics),dc
Jade (DC Comics),dc
Comedian (character),dc
Brutale (DC Comics),dc
Abra Kadabra (character),dc
Night Force#Characters,dc
Mammoth (comics),dc
Morgan Edge,dc
Black Orchid (character),dc
Jor-El#His accomplishments,dc
L-Ron,dc
Ultra-Man,dc
Floronic Man,dc
Weapons Master,dc
Bruno Mannheim,dc
Non (comics),dc
Professor Carter Nichols,dc
Gillian B. Loeb,dc
Super-Hip,dc
Protector (DC Comics),dc
Bizarro,dc
Dava (comics),dc
Blue Devil (DC Comics),dc
Hero Hotline#Day shift,dc
Lynx (comics),dc
Hank Hall,dc
Wild Dog (comics)#Fictional character biography,dc
Vixen (comics),dc
Cyclone (DC Comics),dc
Hawkgirl,dc
Validus,dc
Onomatopoeia (comics)#Publication history,dc
Uncle Marvel,dc
Cosmic Boy,dc
Deadshot,dc
Glorious Godfrey,dc
Blackhawk (DC Comics),dc
Omega Men#Later members,dc
Brain Wave (character),dc
Lex Luthor,dc
Captain Comet,dc
Hell (DC Comics)#Fiends,dc
Captain Marvel (DC Comics),dc
Veridium,dc
Dial H for Hero#1980s series,dc
Xenobrood#Fictional history,dc
Quakemaster,dc
Zatara,dc
International Ultramarine Corps#Founding membership,dc
Laurel Gand,dc
Lobo (DC Comics),dc
Inspector Henderson,dc
Wally West,dc
Count Vertigo,dc
Atomic Knight,dc
Uncle Sam (comics),dc
Liberty Belle (comics),dc
Lightning (DC Comics),dc
Chief (DC Comics),dc
Golden Glider,dc
Martian Manhunter,dc
Hourman,dc
Mr. Freeze,dc
Voodoo (Wildstorm),dc
Nightrunner (character),dc
Sin (DC Comics),dc
Apache Chief,dc
Maximums#Team members,dc
Hawk and Dove,dc
Hawkwoman,dc
Flash (DC Comics character),dc
Royal Flush Gang#First Gang: Clubs,dc
Weather Wizard,dc
Gim Allon,dc
Heat Wave (comics),dc
Johnny Sorrow,dc
Brother Blood,dc
Decay (DC Comics),dc
Doom Patrol#John Byrne's Doom Patrol (volume 4),dc
Air Wave,dc
Hero Hotline#Support crew,dc
Batman Beyond#Story,dc
Black Condor,dc
Blockbuster (DC Comics),dc
Fiddler (comics),dc
Argent (character),dc
Whip (comics),dc
Eclipso,dc
Bane (DC Comics),dc
Amygdala (comics),dc
Faora,dc
Hawkman,dc
Doctor Alchemy,dc
Jack O'Lantern (DC Comics),dc
Terrible Trio,dc
Spider (DC Comics),dc
Despero,dc
Wild Dog (comics),dc
Gizmo (DC Comics),dc
Flamebird,dc
Superman (1978 film)#Cast,dc
Larry Lance,dc
Harlequin (character),dc
League of Assassins#Members,dc
Ferro Lad,dc
Battalion (DC Comics),dc
Bronze Tiger,dc
Elongated Man,dc
Calculator (character),dc
Amazing-Man (DC Comics),dc
Harvey Bullock (character),dc
Black Thorn (comics),dc
Lady Styx,dc
Warlock's Daughter,dc
Brainiac (character),dc
Baron Bedlam,dc
Captain Marvel Jr.,dc
Enchantress (DC Comics),dc
Deathstroke#Origins,dc
Doctor Cyber,dc
Gnarrk,dc
Deathstroke,dc
Wonder Boy (character),dc
Lilith Clay,dc
Icon (character),dc
DeSaad,dc
Maxwell Lord,dc
Lori Lemaris,dc
Brainiac 5,dc
Batgirl,dc
Aztek (character),dc
Congorilla,dc
Bat-Mite,dc
Artemis of Bana-Mighdall,dc
Gentleman Ghost,dc
Superwoman,dc
Baby-Doll (character),dc
Fire (comics),dc
Negative Man,dc
Kid Flash,dc
Doctor Manhattan,dc
Bulleteer,dc
Silas Stone,dc
Boodikka,dc
Ares (DC Comics),dc
Zebra-Man,dc
Nightrider (DC Comics),dc
Perry White,dc
Mutants (DC Comics),dc
Catwoman,dc
Lex Luthor#Relationships and family,dc
Ultra Boy,dc
Kelex,dc
Tony Zucco#Other versions,dc
Kid Eternity,dc
Crimson Avenger,dc
Vigilante (comics),dc
Steve Lombard,dc
Metal Men#Members,dc
Nite Owl,dc
Anarky,dc
Dan Turpin,dc
Doctor Sivana#Later appearances,dc
Supergirl,dc
Iris West,dc
Arak (character),dc
Yellow Peri,dc
Roy Harper (character)|Emiko Queen,dc
Nightshade (DC Comics),dc
Hippolyta (DC Comics),dc
Anton Arcane,dc
Lucy Lane,dc
Lara (character),dc
Dream (character),dc
Elseworld's Finest: Supergirl & Batgirl#Secondary characters and cameos,dc
Ch'p,dc
Neon the Unknown,dc
Zauriel,dc
Robin (DC Comics),dc
Wonder Girl (Cassie Sandsmark),dc
G'nort,dc
Beast Boy,dc
Felicity Smoak,dc
Agent Liberty,dc
Rose Wilson,dc
King Standish,dc
Vicki Vale,dc
Hyathis,dc
Aquaman,dc
Emerald Empress,dc
Firebrand (DC Comics),dc
Detective Chimp,dc
Clock King,dc
Doctor Poison,dc
Superman robots,dc
Cornelius Stirk,dc
Harper Row,dc
Major Force,dc
Chronos (character),dc
Batwoman,dc
Jakeem Thunder,dc
Nuidis Vulko,dc
Creeper (DC Comics),dc
Nightwing,dc
Killer Frost,dc
Empire (comics)#Characters,dc
Vandal Savage,dc
Sardath,dc
Eradicator (character),dc
Bombshell (DC Comics),dc
Ding Dong Daddy,dc
Tony Zucco,dc
Reep Daggle,dc
Intergang,dc
Arisia Rrab,dc
Doctor Occult,dc
Clayface,dc
Lionel Luthor,dc
Viking Prince,dc
Beppo (comics),dc
Arion (character),dc
Chris Kent (character),dc
Zachary Zatara,dc
Zatanna,dc
Black Manta,dc
Batman: Mask of the Phantasm#Plot,dc
Flash in other media#The Flash (1990â€“1991),dc
Superman & Batman: Generations#Generations 3,dc
Etrigan the Demon,dc
Phosphorus Rex,dc
General Immortus,dc
Deadman (comics),dc
Brain (DC Comics),dc
Captain Atom,dc
G.I. Robot#J.A.K.E. 1,dc
Doll Man,dc
Lady Blackhawk,dc
White Witch (comics),dc
Flamingo (comics),dc
Veronica Cale,dc
Naiad (character),dc
Doctor Fate,dc
Lady Shiva,dc
Richard Dragon,dc
Paul Westfield,dc
Death (DC Comics),dc
Wonder Twins,dc
Black Alice (comics),dc
Chemo (character),dc
Bat Lash,dc
Impulse (DC Comics),dc
Waverider (character),dc
Calendar Man,dc
Khund#Khundian Legionnaires,dc
Shining Knight#Ystina,dc
Ganthet,dc
Flex Mentallo,dc
Atrocitus,dc
Bozo the Iron Man,dc
Lena Luthor,dc
Kole,dc
Black Mask (character),dc
Superboy,dc
Cyborg Superman,dc
Icemaiden,dc
Anti-Monitor,dc
Giganta,dc
Ice (character),dc
Wizard (DC Comics),dc
Wotan (comics),dc
Antiope (character),dc
Li'l Lobo,dc
Katana (DC Comics),dc
Ultra the Multi-Alien,dc
Atomic Skull,dc
Wintergreen (comics),dc
Virtuoso (comics),dc
Aquagirl,dc
Baroness Paula von Gunther,dc
Albert Rothstein,dc
Mongul,dc
Legion (DC Comics),dc
Weeper (DC Comics),dc
Green Lantern,dc
Jinx (DC Comics),dc
Wildebeest (comics),dc
Gorilla Grodd,dc
Nemesis (DC Comics),dc
Baron Blitzkrieg,dc
Bekka,dc
Phantom Girl,dc
Fury (DC Comics),dc
"Batman: Knightfall#""Troika""",dc
Ultra-Humanite,dc
Dawnstar,dc
Captain Boomerang,dc
Ms. Gsptlsnz,dc
Conduit (character),dc
Aqualad,dc
Nemesis Kid,dc
Lady Vic,dc
Eclipso#Alex Montez,dc
Vartox,dc
Harley Quinn,dc
Bushido (comics),dc
Alura (DC Comics),dc
Arrowette,dc
Wrath (comics),dc
Firefly (DC Comics),dc
Firestorm (character),dc
Blue Beetle,dc
Black Vulcan,dc
Ion (DC Comics),dc
Brainiac 8,dc
Supernova (DC Comics),dc
Batman and Robin (serial)#Cast,dc
Wildfire (comics),dc
Commander Steel,dc
Nightslayer,dc
Super Friends#Other DC Comics villains,dc
Kobra (DC Comics),dc
Brick (character),dc
G.I. Robot#J.A.K.E. 2,dc
Johnny Thunder,dc
Bulletman and Bulletgirl,dc
Invisible Kid,dc
Superman,dc
Axis Amerika#Members,dc
Geo-Force,dc
Nebula Man,dc
Huntress (comics),dc
Orca (DC Comics),dc
Doctor Sivana,dc
Lashina,dc
Killer Moth,dc
Darkseid,dc
Ambush Bug,dc
Livewire (DC Comics),dc
Gambler (comics),dc
Hush (character),dc
General Zahl,dc
Forerunner (DC Comics),dc
Jeremiah Arkham,dc
Lois Lane,dc
Crispus Allen,dc
Warp (comics),dc
Sparta of Synriannaq#Character history,dc
Cheetah (character),dc
Azrael (DC Comics),dc
Zookeeper (comics),dc
Cadre (comics)#Cadre of the Immortal,dc
Adam Strange,dc
Nightmaster,dc
The Pentacle#Membership,dc
Anna Fortune,dc
Raven (DC Comics),dc
Gearhead (DC Comics),dc
Batman (1966 film)#Cast,dc
Sam Lane (comics),dc
Jimmy Olsen,dc
For the Man Who Has Everything#Plot,dc
Red Star (comics),dc
Northwind (comics),dc
Ace the Bat-Hound,dc
Looker (character),dc
Green Lantern Corps#First attempt of rebuilding the Green Lantern Corps,dc
Ultraman (DC Comics),dc
Black Adam,dc
Lady Quark#Crisis,dc
Big Barda,dc
Xombi,dc
Dan the Dyna-Mite,dc
Bumblebee (comics),dc
Blok (comics),dc
Abin Sur,dc
Wonder Woman,dc
Doctor Light (character),dc
Zara (character),dc
Doctor Polaris,dc
Brainwave (character),dc
Black Flash,dc
Isis (DC Comics),dc
Super-Turtle,dc
Nighthawk (DC Comics),dc
Valda the Iron Maiden,dc
Immortal Man,dc
Natas (character),dc
Animal-Vegetable-Mineral Man,dc
Bloodlines (comics)#Publication history,dc
Frankenstein (DC Comics),dc
Amazo,dc
Warlord (DC Comics),dc
Volcana,dc
Weird (comics),dc
Vibe (comics),dc
Ibis the Invincible,dc
The Shadow#Supporting characters,dc
B'wana Beast,dc
Icicle (comics),dc
Bouncing Boy,dc
Felix Faust,dc
Elasti-Girl,dc
Cyborg (DC Comics),dc
Duela Dent,dc
Lagoon Boy,dc
Lady Quark,dc
Captain Cold,dc
Lana Lang,dc
Zeus (DC Comics),dc
Cluemaster,dc
Green Arrow,dc
Virman Vundabar,dc
Demolition Team#Members,dc
Animal Man,dc
King Chimera,dc
Black Lightning,dc
Tally Man,dc
Bug-Eyed Bandit,dc
Wildstar (DC Comics),dc
Larfleeze,dc
Ventriloquist (comics),dc
Cheshire (comics),dc
Guardian (DC Comics),dc
Abby Holland,dc
Hector Hammond,dc
Vartox#Post Crisis,dc
Blaze and Satanus,dc
Unknown Soldier (DC Comics),dc
